movieId,imdbId,tmdbId
2125,0120631,9454
2126,0120832,8688
2128,0120813,16155
2130,0080388,23954
2131,0077711,12761
2132,0061184,396
2133,0092513,14367
2134,0090305,11814
2135,0061584,16081
2136,0057372,18331
2137,0070016,15171
2138,0078480,11837
2139,0084649,11704
2140,0083791,11639
2141,0090633,4978
2142,0101329,10380
2143,0089469,11976
2144,0088128,15144
2145,0091790,11522
2146,0090060,11557
2147,0090848,13853
2148,0091223,11415
2149,0093220,37530
2150,0080801,8393
2151,0097443,11937
2152,0140796,21661
2153,0118661,9320
2154,0120703,33644
2155,0120831,14662
2159,0099763,10692
2160,0063522,805
